{"cameraMode":{"drawMode":0,"name":"Shaded","section":"Shading Mode"},"sceneLighting":false,"audioPlay":false,"sceneViewState":{"showFog":true,"showMaterialUpdate":false,"showSkybox":true,"showFlares":true,"showImageEffects":true,"showParticleSystems":true},"in2DMode":false,"pivot":{"x":0.0,"y":28.64714813232422,"z":-24.70028305053711},"rotation":{"x":0.000200547743588686,"y":0.7456345558166504,"z":-0.6663550138473511,"w":0.00022445731156039983},"size":18.44756507873535,"orthographic":false}