{"cameraMode":{"drawMode":0,"name":"Shaded","section":"Shading Mode"},"sceneLighting":false,"audioPlay":false,"sceneViewState":{"showFog":true,"showMaterialUpdate":false,"showSkybox":true,"showFlares":true,"showImageEffects":true,"showParticleSystems":true},"in2DMode":false,"pivot":{"x":5.525731086730957,"y":0.10400000214576721,"z":25.0},"rotation":{"x":0.031014252454042436,"y":0.8297523260116577,"z":-0.5553385019302368,"w":0.046350691467523578},"size":2.0821545124053957,"orthographic":false}