{"cameraMode":{"drawMode":0,"name":"Shaded","section":"Shading Mode"},"sceneLighting":false,"audioPlay":false,"sceneViewState":{"showFog":true,"showMaterialUpdate":false,"showSkybox":true,"showFlares":true,"showImageEffects":true,"showParticleSystems":true},"in2DMode":false,"pivot":{"x":4.8491058349609379,"y":0.9246697425842285,"z":11.051809310913086},"rotation":{"x":-0.18073250353336335,"y":-0.7664660215377808,"z":0.24494174122810365,"w":-0.5655699372291565},"size":28.10986328125,"orthographic":false}