{"cameraMode":{"drawMode":0,"name":"Shaded","section":"Shading Mode"},"sceneLighting":false,"audioPlay":false,"sceneViewState":{"showFog":true,"showMaterialUpdate":false,"showSkybox":true,"showFlares":true,"showImageEffects":true,"showParticleSystems":true},"in2DMode":false,"pivot":{"x":2.114729642868042,"y":0.27180472016334536,"z":2.0},"rotation":{"x":0.0003165349189657718,"y":-0.9980788230895996,"z":0.06177164986729622,"w":0.004784241318702698},"size":2.0754668712615969,"orthographic":false}