{"cameraMode":{"drawMode":0,"name":"Shaded","section":"Shading Mode"},"sceneLighting":false,"audioPlay":false,"sceneViewState":{"showFog":true,"showMaterialUpdate":false,"showSkybox":true,"showFlares":true,"showImageEffects":true,"showParticleSystems":true},"in2DMode":false,"pivot":{"x":-3.0999999046325685,"y":1.899999976158142,"z":23.799999237060548},"rotation":{"x":0.000200547743588686,"y":0.7456345558166504,"z":-0.6663550138473511,"w":0.00022445731156039983},"size":22.0,"orthographic":false}